{"question_count": [0, 1000, 1100, 1200, 1300, 1400, 1500, 1600, 1700, 1800, 1900, 2000, 2100, 2200, 2300, 2400, 2500, 2600, 2700, 2800, 2900, 3000, 3100, 3200, 3300, 3400, 3500, 3600, 3700, 3800, 3900, 4000, 4100, 4200, 4300, 4400, 4500, 4600, 4700, 4800, 4900, 5000], "human_count": [0, 1000, 1100, 1193, 1282, 1363, 1428, 1491, 1553, 1615, 1672, 1732, 1787, 1851, 1906, 1964, 2023, 2086, 2153, 2204, 2255, 2296, 2342, 2396, 2441, 2479, 2520, 2568, 2602, 2640, 2690, 2731, 2769, 2812, 2864, 2902, 2941, 2979, 3027, 3074, 3116, 3139], "collect_count": [0, 1000, 1100, 1200, 1300, 1400, 1500, 1598, 1698, 1798, 1897, 1996, 2096, 2196, 2295, 2395, 2495, 2595, 2695, 2795, 2895, 2995, 3095, 3195, 3294, 3394, 3493, 3593, 3693, 3793, 3893, 3992, 4091, 4190, 4290, 4389, 4489, 4587, 4684, 4783, 4882, 4981], "accuracy": [0.1, 0.42890000343322754, 0.4562999904155731, 0.4544000029563904, 0.46000000834465027, 0.46459999680519104, 0.4805999994277954, 0.486299991607666, 0.47940000891685486, 0.4986000061035156, 0.49720001220703125, 0.4936000108718872, 0.5181999802589417, 0.5066999793052673, 0.5188999772071838, 0.5292999744415283, 0.43299999833106995, 0.5264000296592712, 0.4577000141143799, 0.539900004863739, 0.5364000201225281, 0.5421000123023987, 0.5608999729156494, 0.5501000285148621, 0.33629998564720154, 0.5486999750137329, 0.5611000061035156, 0.5559999942779541, 0.5529000163078308, 0.5641999840736389, 0.5759999752044678, 0.5672000050544739, 0.5587000250816345, 0.39239999651908875, 0.5712000131607056, 0.5705000162124634, 0.5813999772071838, 0.5922999978065491, 0.5720999836921692, 0.5792999863624573, 0.5367000102996826, 0.5726000070571899], "loss": [2.302585092994, 2.3382532596588135, 2.322801351547241, 2.3714308738708496, 2.3663012981414795, 2.38822078704834, 2.27307391166687, 2.2801640033721924, 2.3491616249084473, 2.2875959873199463, 2.2692196369171143, 2.287964105606079, 2.188839912414551, 2.1967787742614746, 2.214528799057007, 2.1364238262176514, 3.0053694248199463, 2.2532308101654053, 2.8681697845458984, 2.1649837493896484, 2.18430757522583, 2.1581008434295654, 2.0075695514678955, 2.1013290882110596, 3.485337018966675, 2.2057833671569824, 2.0609147548675537, 2.102872610092163, 2.1058242321014404, 2.121788263320923, 2.0315158367156982, 2.0914900302886963, 2.2790865898132324, 3.100238561630249, 2.108726978302002, 2.161085844039917, 2.0892133712768555, 2.0626895427703857, 2.175199270248413, 2.072347640991211, 2.171753168106079, 2.180690050125122]}