{"question_count": [0, 1000, 1100, 1200, 1300, 1400, 1500, 1600, 1700, 1800, 1900, 2000, 2100, 2200, 2300, 2400, 2500, 2600, 2700, 2800, 2900, 3000, 3100, 3200, 3300, 3400, 3500, 3600, 3700, 3800, 3900, 4000, 4100, 4200, 4300, 4400, 4500, 4600, 4700, 4800, 4900, 5000], "human_count": [0, 745, 780, 821, 843, 854, 879, 888, 907, 934, 953, 978, 1007, 1031, 1053, 1079, 1105, 1135, 1160, 1174, 1208, 1245, 1275, 1302, 1338, 1363, 1393, 1414, 1435, 1462, 1499, 1529, 1563, 1594, 1612, 1646, 1679, 1707, 1729, 1754, 1778, 1808], "collect_count": [0, 995, 1095, 1194, 1294, 1393, 1491, 1589, 1688, 1786, 1884, 1981, 2079, 2178, 2277, 2374, 2469, 2567, 2665, 2764, 2863, 2961, 3059, 3154, 3252, 3351, 3450, 3547, 3644, 3744, 3843, 3941, 4038, 4137, 4237, 4333, 4432, 4531, 4631, 4728, 4826, 4924], "accuracy": [0.1, 0.21660000085830688, 0.19709999859333038, 0.24369999766349792, 0.28220000863075256, 0.33809998631477356, 0.35260000824928284, 0.38940000534057617, 0.44519999623298645, 0.4447999894618988, 0.47510001063346863, 0.4729999899864197, 0.4934999942779541, 0.508400022983551, 0.5015000104904175, 0.48570001125335693, 0.5284000039100647, 0.5156000256538391, 0.48500001430511475, 0.5315999984741211, 0.5357000231742859, 0.5389000177383423, 0.5439000129699707, 0.5375999808311462, 0.5444999933242798, 0.5476999878883362, 0.5349000096321106, 0.534600019454956, 0.5552999973297119, 0.5529999732971191, 0.5504999756813049, 0.5356000065803528, 0.5454999804496765, 0.5397999882698059, 0.5710999965667725, 0.5482000112533569, 0.54830002784729, 0.5685999989509583, 0.5590000152587891, 0.5539000034332275, 0.517300009727478, 0.5652999877929688], "loss": [2.302585092994, 4.909546375274658, 3.8340566158294678, 3.098252773284912, 3.2514615058898926, 2.737774610519409, 2.7725868225097656, 2.6417176723480225, 2.1156516075134277, 2.2879672050476074, 2.1275055408477783, 2.0937142372131348, 2.0044455528259277, 1.9898418188095093, 2.0304605960845947, 2.122948169708252, 1.9592406749725342, 1.9582115411758423, 2.259970188140869, 1.9098089933395386, 1.941589593887329, 1.924330472946167, 1.8888896703720093, 1.9323406219482422, 1.8605678081512451, 1.8705308437347412, 1.8814009428024292, 1.9792847633361816, 1.8998417854309082, 1.951296329498291, 1.9201972484588623, 2.142695665359497, 1.920103907585144, 1.9624069929122925, 1.8786629438400269, 1.9927948713302612, 1.9659855365753174, 1.8313263654708862, 1.8738380670547485, 1.8999197483062744, 2.303344249725342, 1.904030680656433]}