{"question_count": [0, 1000, 1100, 1200, 1300, 1400, 1500, 1600, 1700, 1800, 1900, 2000, 2100, 2200, 2300, 2400, 2500, 2600, 2700, 2800, 2900, 3000, 3100, 3200, 3300, 3400, 3500, 3600, 3700, 3800, 3900, 4000, 4100, 4200, 4300, 4400, 4500, 4600, 4700, 4800, 4900, 5000], "human_count": [0, 1000, 1100, 1200, 1300, 1400, 1500, 1600, 1700, 1800, 1900, 2000, 2100, 2200, 2300, 2400, 2497, 2582, 2655, 2713, 2771, 2842, 2909, 2976, 3029, 3095, 3151, 3217, 3279, 3339, 3407, 3470, 3529, 3568, 3628, 3686, 3750, 3816, 3880, 3949, 4013, 4080], "collect_count": [0, 1000, 1100, 1200, 1300, 1400, 1500, 1600, 1700, 1800, 1900, 2000, 2100, 2200, 2300, 2400, 2500, 2600, 2700, 2800, 2900, 3000, 3099, 3199, 3298, 3397, 3496, 3596, 3695, 3793, 3893, 3992, 4092, 4192, 4292, 4392, 4492, 4591, 4691, 4791, 4891, 4990], "accuracy": [0.1, 0.4278999865055084, 0.447299987077713, 0.4542999863624573, 0.4690000116825104, 0.4778999984264374, 0.48240000009536743, 0.4717000126838684, 0.49459999799728394, 0.5029000043869019, 0.5001000165939331, 0.5234000086784363, 0.516700029373169, 0.5202000141143799, 0.521399974822998, 0.5153999924659729, 0.1728000044822693, 0.5393999814987183, 0.5393000245094299, 0.5336999893188477, 0.5393000245094299, 0.5504999756813049, 0.5376999974250793, 0.5565999746322632, 0.4706999957561493, 0.5432000160217285, 0.5626999735832214, 0.5605000257492065, 0.569100022315979, 0.5665000081062317, 0.5710999965667725, 0.5701000094413757, 0.447299987077713, 0.5745999813079834, 0.5823000073432922, 0.5645999908447266, 0.5945000052452087, 0.5758000016212463, 0.578000009059906, 0.5803999900817871, 0.5594000220298767, 0.5963000059127808], "loss": [2.302585092994, 2.3373265266418457, 2.3838322162628174, 2.3553309440612793, 2.310856580734253, 2.2802693843841553, 2.3107051849365234, 2.321892023086548, 2.223661422729492, 2.278913974761963, 2.200202226638794, 2.1521103382110596, 2.2383065223693848, 2.151761054992676, 2.1987247467041016, 2.259197235107422, 8.880518913269043, 2.090186834335327, 2.144974708557129, 2.176359176635742, 2.1327483654022217, 2.0882914066314697, 2.176004409790039, 2.0679378509521484, 2.603740930557251, 2.211332321166992, 2.059194803237915, 2.08955454826355, 2.0870273113250732, 2.09724497795105, 2.164928674697876, 2.100736379623413, 3.3695335388183594, 2.0194859504699707, 2.0786142349243164, 2.166032314300537, 2.057009696960449, 2.1045796871185303, 2.1503124237060547, 2.1404294967651367, 2.4483861923217773, 2.1261394023895264]}