{"question_count": [0, 1000, 1100, 1200, 1300, 1400, 1500, 1600, 1700, 1800, 1900, 2000, 2100, 2200, 2300, 2400, 2500, 2600, 2700, 2800, 2900, 3000, 3100, 3200, 3300, 3400, 3500, 3600, 3700, 3800, 3900, 4000, 4100, 4200, 4300, 4400, 4500, 4600, 4700, 4800, 4900, 5000], "human_count": [0, 1000, 1100, 1200, 1300, 1400, 1500, 1600, 1700, 1797, 1883, 1975, 2060, 2148, 2231, 2307, 2388, 2472, 2546, 2613, 2673, 2715, 2769, 2811, 2843, 2879, 2917, 2947, 2977, 3012, 3047, 3076, 3114, 3154, 3179, 3205, 3238, 3272, 3304, 3331, 3362, 3381], "collect_count": [0, 1000, 1100, 1200, 1300, 1400, 1500, 1600, 1700, 1800, 1900, 2000, 2099, 2199, 2297, 2397, 2495, 2595, 2695, 2795, 2895, 2995, 3093, 3191, 3291, 3389, 3489, 3588, 3686, 3786, 3886, 3986, 4086, 4185, 4282, 4380, 4480, 4579, 4678, 4777, 4875, 4971], "accuracy": [0.1, 0.2361000031232834, 0.21279999613761902, 0.21889999508857727, 0.29750001430511475, 0.3402000069618225, 0.34360000491142273, 0.38350000977516174, 0.4162999987602234, 0.4499000012874603, 0.4603999853134155, 0.48980000615119934, 0.48809999227523804, 0.5084999799728394, 0.5062999725341797, 0.5120999813079834, 0.5145000219345093, 0.5299999713897705, 0.5238999724388123, 0.5284000039100647, 0.5360999703407288, 0.5458999872207642, 0.5511999726295471, 0.5343999862670898, 0.5450999736785889, 0.5497000217437744, 0.5647000074386597, 0.5465999841690063, 0.5523999929428101, 0.5579000115394592, 0.5583999752998352, 0.5587000250816345, 0.5453000068664551, 0.5483999848365784, 0.5640000104904175, 0.5601000189781189, 0.5715000033378601, 0.5508999824523926, 0.5641999840736389, 0.5566999912261963, 0.5393000245094299, 0.5759999752044678], "loss": [2.302585092994, 3.585505962371826, 4.2453203201293945, 4.553163051605225, 3.280734062194824, 3.0472986698150635, 2.8196542263031006, 2.6518476009368896, 2.3580994606018066, 2.156972646713257, 2.119849443435669, 2.046643018722534, 2.031367540359497, 1.94192636013031, 1.994693398475647, 1.9570385217666626, 1.9774506092071533, 1.9121882915496826, 1.984680414199829, 1.931901216506958, 1.8886222839355469, 1.9179792404174805, 1.8825924396514893, 1.904374599456787, 1.857668399810791, 1.894627571105957, 1.8304386138916016, 1.9354914426803589, 1.8777868747711182, 1.8787562847137451, 1.8576699495315552, 1.8822351694107056, 1.9532394409179688, 1.9792382717132568, 1.8133265972137451, 1.9132472276687622, 1.803420066833496, 1.962735891342163, 1.901254653930664, 1.9554115533828735, 1.9857945442199707, 1.812373399734497]}