{"question_count": [0, 1000, 1100, 1200, 1300, 1400, 1500, 1600, 1700, 1800, 1900, 2000, 2100, 2200, 2300, 2400, 2500, 2600, 2700, 2800, 2900, 3000, 3100, 3200, 3300, 3400, 3500, 3600, 3700, 3800, 3900, 4000, 4100, 4200, 4300, 4400, 4500, 4600, 4700, 4800, 4900, 5000], "human_count": [0, 1000, 1100, 1200, 1299, 1399, 1500, 1597, 1699, 1795, 1894, 1995, 2093, 2196, 2295, 2398, 2497, 2592, 2697, 2799, 2898, 2998, 3095, 3196, 3299, 3400, 3500, 3600, 3700, 3791, 3899, 4000, 4100, 4195, 4297, 4398, 4499, 4599, 4700, 4800, 4899, 4987], "collect_count": [0, 1000, 1100, 1200, 1300, 1400, 1500, 1600, 1700, 1800, 1900, 2000, 2100, 2200, 2300, 2400, 2500, 2600, 2700, 2800, 2900, 3000, 3100, 3200, 3300, 3400, 3500, 3600, 3700, 3800, 3900, 4000, 4100, 4200, 4300, 4400, 4500, 4600, 4700, 4800, 4900, 5000], "accuracy": [0.1, 0.4302000105381012, 0.4442000091075897, 0.4652000069618225, 0.453000009059906, 0.461899995803833, 0.4724999964237213, 0.4814999997615814, 0.4796000123023987, 0.5041000247001648, 0.49309998750686646, 0.5134000182151794, 0.5081999897956848, 0.5098999738693237, 0.5090000033378601, 0.5209000110626221, 0.5001999735832214, 0.5471000075340271, 0.5371000170707703, 0.5419999957084656, 0.535099983215332, 0.5406000018119812, 0.5393999814987183, 0.541100025177002, 0.5460000038146973, 0.5462999939918518, 0.5475000143051147, 0.5523999929428101, 0.5705000162124634, 0.5687000155448914, 0.567799985408783, 0.5609999895095825, 0.5548999905586243, 0.5728999972343445, 0.5656999945640564, 0.5627999901771545, 0.5771999955177307, 0.5697000026702881, 0.5781999826431274, 0.5853000283241272, 0.5697000026702881, 0.5817999839782715], "loss": [2.302585092994, 2.3425121307373047, 2.2651102542877197, 2.225712299346924, 2.409723997116089, 2.339559555053711, 2.3079352378845215, 2.2385411262512207, 2.361279010772705, 2.180418014526367, 2.346665859222412, 2.220858335494995, 2.2679131031036377, 2.2503151893615723, 2.2258429527282715, 2.2114615440368652, 2.5465784072875977, 2.097688674926758, 2.1367433071136475, 2.1392643451690674, 2.1387510299682617, 2.180549144744873, 2.175189733505249, 2.20208477973938, 2.4095473289489746, 2.1578917503356934, 2.1616697311401367, 2.161999225616455, 2.060171365737915, 2.1011362075805664, 2.0282914638519287, 2.1602344512939453, 2.1853926181793213, 2.110057830810547, 2.132307529449463, 2.182922124862671, 2.0637176036834717, 2.144554376602173, 2.098952293395996, 2.0889811515808105, 2.3076987266540527, 2.144322633743286]}