{"question_count": [0, 1000, 1100, 1200, 1300, 1400, 1500, 1600, 1700, 1800, 1900, 2000, 2100, 2200, 2300, 2400, 2500, 2600, 2700, 2800, 2900, 3000, 3100, 3200, 3300, 3400, 3500, 3600, 3700, 3800, 3900, 4000, 4100, 4200, 4300, 4400, 4500, 4600, 4700, 4800, 4900, 5000], "human_count": [0, 999, 1100, 1198, 1298, 1394, 1494, 1595, 1695, 1800, 1897, 1984, 2091, 2198, 2294, 2400, 2500, 2593, 2696, 2794, 2894, 2998, 3094, 3195, 3294, 3398, 3492, 3598, 3696, 3793, 3896, 4000, 4099, 4194, 4297, 4383, 4494, 4582, 4684, 4778, 4885, 4970], "collect_count": [0, 1000, 1100, 1200, 1300, 1400, 1500, 1600, 1700, 1800, 1900, 2000, 2100, 2200, 2300, 2400, 2500, 2600, 2700, 2800, 2900, 3000, 3100, 3200, 3300, 3400, 3499, 3599, 3699, 3799, 3899, 3999, 4099, 4199, 4299, 4399, 4499, 4599, 4699, 4798, 4898, 4998], "accuracy": [0.1, 0.2215999960899353, 0.23800000548362732, 0.2619999945163727, 0.24320000410079956, 0.3160000145435333, 0.3490000069141388, 0.39410001039505005, 0.43230000138282776, 0.4490000009536743, 0.4702000021934509, 0.486299991607666, 0.49470001459121704, 0.4991999864578247, 0.5214999914169312, 0.5169000029563904, 0.489300012588501, 0.5232999920845032, 0.5275999903678894, 0.5353000164031982, 0.545799970626831, 0.5382999777793884, 0.535099983215332, 0.5490999817848206, 0.5453000068664551, 0.5242000222206116, 0.5449000000953674, 0.5473999977111816, 0.565500020980835, 0.5523999929428101, 0.5547000169754028, 0.5526999831199646, 0.5612000226974487, 0.5626000165939331, 0.5789999961853027, 0.5631999969482422, 0.5698999762535095, 0.5759000182151794, 0.5821999907493591, 0.567300021648407, 0.5580000281333923, 0.5508000254631042], "loss": [2.302585092994, 4.34174919128418, 4.565831661224365, 3.751445770263672, 4.255951404571533, 3.150604248046875, 2.920515537261963, 2.55808687210083, 2.2912468910217285, 2.1639833450317383, 2.196484088897705, 1.9866396188735962, 1.9748181104660034, 2.0076775550842285, 1.9621673822402954, 1.913356065750122, 2.1344566345214844, 1.874390959739685, 1.9346779584884644, 1.9066590070724487, 1.852249264717102, 1.8865820169448853, 1.9038101434707642, 1.8560093641281128, 1.838438630104065, 2.03572154045105, 1.894781231880188, 1.8848620653152466, 1.8387681245803833, 1.824890375137329, 1.876876950263977, 1.9009162187576294, 1.9503878355026245, 1.946871280670166, 1.7589457035064697, 1.97101891040802, 1.7676851749420166, 1.814010739326477, 1.7874915599822998, 1.883518934249878, 1.7852189540863037, 2.09541654586792]}