{"question_count": [0, 1000, 1100, 1200, 1300, 1400, 1500, 1600, 1700, 1800, 1900, 2000, 2100, 2200, 2300, 2400, 2500, 2600, 2700, 2800, 2900, 3000, 3100, 3200, 3300, 3400, 3500, 3600, 3700, 3800, 3900, 4000, 4100, 4200, 4300, 4400, 4500, 4600, 4700, 4800, 4900, 5000], "human_count": [0, 544, 544, 544, 544, 545, 545, 545, 545, 546, 546, 547, 547, 549, 551, 551, 553, 553, 554, 554, 554, 554, 557, 558, 558, 559, 560, 561, 561, 561, 561, 562, 563, 565, 565, 567, 568, 568, 569, 569, 570, 570], "collect_count": [0, 990, 1087, 1181, 1280, 1376, 1475, 1570, 1668, 1764, 1859, 1955, 2052, 2149, 2243, 2339, 2432, 2526, 2623, 2719, 2815, 2913, 3011, 3108, 3204, 3301, 3396, 3495, 3593, 3690, 3784, 3882, 3978, 4076, 4174, 4270, 4368, 4466, 4562, 4660, 4754, 4849], "accuracy": [0.1, 0.12129999697208405, 0.23989999294281006, 0.2572000026702881, 0.2689000070095062, 0.3215999901294708, 0.3483999967575073, 0.35580000281333923, 0.4255000054836273, 0.4514999985694885, 0.46860000491142273, 0.47530001401901245, 0.4779999852180481, 0.5008999705314636, 0.49410000443458557, 0.5060999989509583, 0.4950000047683716, 0.5110999941825867, 0.517300009727478, 0.5123999714851379, 0.5231000185012817, 0.5285999774932861, 0.5317000150680542, 0.5357000231742859, 0.5242000222206116, 0.5357999801635742, 0.5390999913215637, 0.565500020980835, 0.548799991607666, 0.5449000000953674, 0.5611000061035156, 0.526199996471405, 0.5389000177383423, 0.5662000179290771, 0.5467000007629395, 0.5622000098228455, 0.5647000074386597, 0.5659999847412109, 0.5504999756813049, 0.5612999796867371, 0.5214999914169312, 0.5580000281333923], "loss": [2.302585092994, 5.740622520446777, 2.9464051723480225, 3.413844108581543, 3.3846375942230225, 2.9438278675079346, 2.730778932571411, 2.8919692039489746, 2.6095879077911377, 2.205850601196289, 2.1524906158447266, 2.119467258453369, 2.093088388442993, 1.9535695314407349, 1.9853096008300781, 1.9669057130813599, 2.127321720123291, 1.9863314628601074, 1.9796662330627441, 2.030907154083252, 1.9398502111434937, 1.9520988464355469, 1.8628532886505127, 1.8780015707015991, 1.972050428390503, 1.8988667726516724, 1.9326391220092773, 1.840558648109436, 1.8786413669586182, 1.9327937364578247, 1.82880699634552, 2.0070090293884277, 1.934004306793213, 1.8029571771621704, 1.9645222425460815, 1.815421462059021, 1.876010537147522, 1.8908823728561401, 1.929236888885498, 1.7967779636383057, 2.13289475440979, 1.934946060180664]}