{"question_count": [0, 1000, 1100, 1200, 1300, 1400, 1500, 1600, 1700, 1800, 1900, 2000, 2100, 2200, 2300, 2400, 2500, 2600, 2700, 2800, 2900, 3000, 3100, 3200, 3300, 3400, 3500, 3600, 3700, 3800, 3900, 4000, 4100, 4200, 4300, 4400, 4500, 4600, 4700, 4800, 4900, 5000], "human_count": [0, 1000, 1100, 1162, 1185, 1203, 1218, 1234, 1249, 1265, 1282, 1296, 1310, 1322, 1334, 1350, 1360, 1374, 1387, 1402, 1423, 1439, 1447, 1464, 1481, 1502, 1523, 1545, 1555, 1577, 1589, 1605, 1621, 1634, 1647, 1660, 1678, 1696, 1700, 1706, 1719, 1738], "collect_count": [0, 1000, 1100, 1199, 1297, 1393, 1493, 1590, 1688, 1785, 1879, 1976, 2071, 2167, 2264, 2357, 2456, 2556, 2656, 2751, 2846, 2944, 3042, 3137, 3235, 3330, 3426, 3524, 3623, 3718, 3816, 3913, 4012, 4110, 4205, 4302, 4401, 4501, 4599, 4696, 4793, 4892], "accuracy": [0.1, 0.43639999628067017, 0.45660001039505005, 0.4555000066757202, 0.47360000014305115, 0.4677000045776367, 0.47620001435279846, 0.49380001425743103, 0.4884999990463257, 0.4952000081539154, 0.484499990940094, 0.4966999888420105, 0.510200023651123, 0.5146999955177307, 0.5123999714851379, 0.5281000137329102, 0.5037000179290771, 0.5195000171661377, 0.5360999703407288, 0.5325999855995178, 0.5327000021934509, 0.5379999876022339, 0.5223000049591064, 0.54830002784729, 0.5297999978065491, 0.5532000064849854, 0.5498999953269958, 0.5486999750137329, 0.5638999938964844, 0.5597000122070312, 0.5480999946594238, 0.5637999773025513, 0.5748000144958496, 0.5529999732971191, 0.5583000183105469, 0.5651000142097473, 0.5698999762535095, 0.453000009059906, 0.5796999931335449, 0.5921000242233276, 0.5285000205039978, 0.5766000151634216], "loss": [2.302585092994, 2.4163267612457275, 2.284945249557495, 2.369112014770508, 2.259791612625122, 2.34818959236145, 2.2307629585266113, 2.2078888416290283, 2.271465539932251, 2.269916296005249, 2.3526723384857178, 2.2336583137512207, 2.191453218460083, 2.271660089492798, 2.2062113285064697, 2.1023263931274414, 2.522573232650757, 2.182767629623413, 2.1377086639404297, 2.1330466270446777, 2.163693428039551, 2.126708507537842, 2.2727982997894287, 2.0953190326690674, 2.2892048358917236, 2.1460556983947754, 2.130723714828491, 2.151212692260742, 2.083327293395996, 2.0808403491973877, 2.1886403560638428, 2.1184747219085693, 2.141522169113159, 2.2025442123413086, 2.2051758766174316, 2.159916877746582, 2.1834988594055176, 2.5800578594207764, 2.1613881587982178, 2.0483360290527344, 2.821118116378784, 2.185049295425415]}