{"question_count": [0, 1000, 1100, 1200, 1300, 1400, 1500, 1600, 1700, 1800, 1900, 2000, 2100, 2200, 2300, 2400, 2500, 2600, 2700, 2800, 2900, 3000, 3100, 3200, 3300, 3400, 3500, 3600, 3700, 3800, 3900, 4000, 4100, 4200, 4300, 4400, 4500, 4600, 4700, 4800, 4900, 5000], "human_count": [0, 1000, 1100, 1200, 1300, 1400, 1500, 1600, 1700, 1800, 1900, 2000, 2100, 2200, 2300, 2396, 2467, 2554, 2628, 2699, 2755, 2812, 2861, 2904, 2935, 2980, 3015, 3052, 3096, 3137, 3175, 3217, 3257, 3301, 3337, 3373, 3416, 3448, 3481, 3513, 3546, 3574], "collect_count": [0, 1000, 1100, 1200, 1300, 1400, 1500, 1600, 1700, 1800, 1900, 2000, 2100, 2200, 2300, 2400, 2500, 2600, 2700, 2799, 2899, 2998, 3096, 3195, 3294, 3394, 3490, 3590, 3689, 3789, 3889, 3988, 4088, 4186, 4284, 4383, 4480, 4577, 4676, 4774, 4874, 4973], "accuracy": [0.1, 0.42250001430511475, 0.44929999113082886, 0.45570001006126404, 0.47130000591278076, 0.4717000126838684, 0.4749999940395355, 0.486299991607666, 0.4537999927997589, 0.4788999855518341, 0.5034000277519226, 0.486299991607666, 0.5045999884605408, 0.5091000199317932, 0.5223000049591064, 0.5282999873161316, 0.5285000205039978, 0.5292999744415283, 0.5317000150680542, 0.5338000059127808, 0.5364000201225281, 0.5425999760627747, 0.5371000170707703, 0.5439000129699707, 0.41819998621940613, 0.5537999868392944, 0.5376999974250793, 0.5552999973297119, 0.5752999782562256, 0.5727999806404114, 0.5716999769210815, 0.5924999713897705, 0.5367000102996826, 0.5756000280380249, 0.5669999718666077, 0.5898000001907349, 0.5527999997138977, 0.5688999891281128, 0.5763999819755554, 0.576200008392334, 0.54830002784729, 0.6003999710083008], "loss": [2.302585092994, 2.3698060512542725, 2.372511625289917, 2.293921709060669, 2.3308985233306885, 2.314905881881714, 2.363172769546509, 2.1716346740722656, 2.7893776893615723, 2.369077682495117, 2.184964656829834, 2.3474602699279785, 2.2099623680114746, 2.2377302646636963, 2.193084716796875, 2.1753275394439697, 2.2431247234344482, 2.2320141792297363, 2.188330888748169, 2.16515851020813, 2.139497756958008, 2.111755132675171, 2.177473545074463, 2.117600202560425, 2.68666410446167, 2.166471242904663, 2.2200753688812256, 2.141120433807373, 2.047978401184082, 2.045456647872925, 2.0455141067504883, 1.9666316509246826, 2.4940574169158936, 2.084277629852295, 2.121481418609619, 2.0587220191955566, 2.310701608657837, 2.121072769165039, 2.101928949356079, 2.155949115753174, 2.536921977996826, 2.0284547805786133]}