{"question_count": [0, 1000, 1100, 1200, 1300, 1400, 1500, 1600, 1700, 1800, 1900, 2000, 2100, 2200, 2300, 2400, 2500, 2600, 2700, 2800, 2900, 3000, 3100, 3200, 3300, 3400, 3500, 3600, 3700, 3800, 3900, 4000, 4100, 4200, 4300, 4400, 4500, 4600, 4700, 4800, 4900, 5000], "human_count": [0, 1000, 1100, 1200, 1300, 1400, 1500, 1600, 1700, 1791, 1880, 1963, 2054, 2150, 2245, 2338, 2425, 2505, 2573, 2637, 2676, 2705, 2728, 2751, 2776, 2795, 2818, 2836, 2860, 2883, 2908, 2926, 2950, 2968, 2984, 2994, 3023, 3046, 3066, 3085, 3109, 3124], "collect_count": [0, 1000, 1100, 1200, 1300, 1400, 1500, 1600, 1700, 1799, 1899, 1998, 2098, 2198, 2298, 2398, 2497, 2596, 2696, 2793, 2890, 2989, 3083, 3182, 3279, 3374, 3471, 3569, 3666, 3763, 3862, 3961, 4055, 4154, 4252, 4346, 4441, 4541, 4640, 4737, 4831, 4927], "accuracy": [0.1, 0.22789999842643738, 0.251800000667572, 0.24639999866485596, 0.31040000915527344, 0.3240000009536743, 0.36480000615119934, 0.4189000129699707, 0.42480000853538513, 0.45320001244544983, 0.4474000036716461, 0.4887000024318695, 0.4867999851703644, 0.5044999718666077, 0.5109999775886536, 0.5199999809265137, 0.5166000127792358, 0.511900007724762, 0.5224999785423279, 0.5295000076293945, 0.5278000235557556, 0.5339000225067139, 0.5508000254631042, 0.5389000177383423, 0.5467000007629395, 0.5480999946594238, 0.5357000231742859, 0.5706999897956848, 0.5472000241279602, 0.5591999888420105, 0.5507000088691711, 0.569100022315979, 0.5605999827384949, 0.5478000044822693, 0.5569000244140625, 0.5636000037193298, 0.5511999726295471, 0.5347999930381775, 0.5558000206947327, 0.5677000284194946, 0.5302000045776367, 0.5756999850273132], "loss": [2.302585092994, 3.1526453495025635, 4.0467143058776855, 3.566312789916992, 3.115548610687256, 2.829529047012329, 2.841149091720581, 2.427943468093872, 2.343249559402466, 2.1163811683654785, 2.190078020095825, 2.0666897296905518, 2.05604887008667, 1.9957294464111328, 2.008657455444336, 1.928528070449829, 1.9061945676803589, 2.000234842300415, 1.940928339958191, 1.9702144861221313, 1.9204368591308594, 1.9137541055679321, 1.8565152883529663, 1.877991795539856, 1.8930785655975342, 1.8440831899642944, 1.9721992015838623, 1.7716689109802246, 1.8794881105422974, 1.7834253311157227, 1.8878920078277588, 1.7773926258087158, 1.8209888935089111, 1.9695744514465332, 1.8849966526031494, 1.8273968696594238, 1.9624167680740356, 1.9615075588226318, 1.9230788946151733, 1.8558083772659302, 2.0470759868621826, 1.7721326351165771]}