{"question_count": [0, 1000, 1100, 1200, 1300, 1400, 1500, 1600, 1700, 1800, 1900, 2000, 2100, 2200, 2300, 2400, 2500, 2600, 2700, 2800, 2900, 3000, 3100, 3200, 3300, 3400, 3500, 3600, 3700, 3800, 3900, 4000, 4100, 4200, 4300, 4400, 4500, 4600, 4700, 4800, 4900, 5000], "human_count": [0, 1000, 1100, 1192, 1285, 1395, 1492, 1589, 1688, 1796, 1892, 1993, 2085, 2195, 2289, 2390, 2494, 2587, 2698, 2798, 2891, 2994, 3091, 3189, 3276, 3395, 3486, 3586, 3680, 3782, 3878, 3996, 4095, 4196, 4293, 4392, 4493, 4592, 4688, 4783, 4887, 4987], "collect_count": [0, 1000, 1100, 1200, 1300, 1400, 1500, 1600, 1700, 1800, 1900, 2000, 2100, 2200, 2300, 2400, 2500, 2600, 2700, 2800, 2900, 3000, 3100, 3200, 3300, 3400, 3500, 3600, 3700, 3800, 3900, 4000, 4100, 4200, 4300, 4400, 4500, 4600, 4700, 4799, 4899, 4999], "accuracy": [0.1, 0.43290001153945923, 0.447299987077713, 0.4408999979496002, 0.4641000032424927, 0.4648999869823456, 0.47099998593330383, 0.48660001158714294, 0.4603999853134155, 0.4867999851703644, 0.49239999055862427, 0.5001000165939331, 0.4887999892234802, 0.5030999779701233, 0.5031999945640564, 0.5146999955177307, 0.5120999813079834, 0.51910001039505, 0.5357999801635742, 0.526199996471405, 0.5317000150680542, 0.532800018787384, 0.5658000111579895, 0.538100004196167, 0.46299999952316284, 0.5462999939918518, 0.5515000224113464, 0.5501999855041504, 0.5565999746322632, 0.5651999711990356, 0.5667999982833862, 0.5698000192642212, 0.5491999983787537, 0.5684999823570251, 0.5727999806404114, 0.5778999924659729, 0.5802000164985657, 0.5799999833106995, 0.59170001745224, 0.5922999978065491, 0.5715000033378601, 0.5936999917030334], "loss": [2.302585092994, 2.34049129486084, 2.352177858352661, 2.3461811542510986, 2.296881675720215, 2.3568379878997803, 2.3489208221435547, 2.208104133605957, 2.6427578926086426, 2.347698211669922, 2.322159767150879, 2.227195978164673, 2.2953004837036133, 2.26596736907959, 2.2581591606140137, 2.19303035736084, 2.290741205215454, 2.2705328464508057, 2.1519556045532227, 2.184325933456421, 2.227597236633301, 2.1694259643554688, 1.9965002536773682, 2.194321393966675, 2.814168930053711, 2.2198562622070312, 2.168642282485962, 2.1650915145874023, 2.1113393306732178, 2.0809905529022217, 2.0442800521850586, 2.0583152770996094, 2.3651788234710693, 2.40706205368042, 2.072089195251465, 2.087998628616333, 2.046072483062744, 2.0946450233459473, 2.02396559715271, 2.0118930339813232, 2.2076096534729004, 2.081066370010376]}