{"question_count": [0, 1000, 1100, 1200, 1300, 1400, 1500, 1600, 1700, 1800, 1900, 2000, 2100, 2200, 2300, 2400, 2500, 2600, 2700, 2800, 2900, 3000, 3100, 3200, 3300, 3400, 3500, 3600, 3700, 3800, 3900, 4000, 4100, 4200, 4300, 4400, 4500, 4600, 4700, 4800, 4900, 5000], "human_count": [0, 557, 605, 879, 1067, 1130, 1486, 1579, 1606, 1721, 1762, 1781, 2036, 2076, 2192, 2323, 2360, 2584, 2599, 2770, 2813, 2985, 3005, 3132, 3260, 3276, 3455, 3468, 3505, 3526, 3545, 3900, 4012, 4145, 4154, 4299, 4483, 4494, 4673, 4686, 4712, 4903], "collect_count": [0, 987, 1086, 1186, 1286, 1386, 1486, 1585, 1683, 1783, 1879, 1975, 2073, 2170, 2269, 2368, 2463, 2563, 2662, 2762, 2857, 2957, 3052, 3151, 3249, 3346, 3446, 3543, 3639, 3738, 3837, 3937, 4037, 4137, 4235, 4334, 4434, 4529, 4629, 4726, 4822, 4922], "accuracy": [0.1, 0.24729999899864197, 0.26010000705718994, 0.23510000109672546, 0.26190000772476196, 0.2759999930858612, 0.37450000643730164, 0.3939000070095062, 0.4221000075340271, 0.4494999945163727, 0.47029998898506165, 0.4900999963283539, 0.4961000084877014, 0.4986000061035156, 0.5066999793052673, 0.5113000273704529, 0.49549999833106995, 0.5112000107765198, 0.5336999893188477, 0.5145999789237976, 0.5288000106811523, 0.5267000198364258, 0.5347999930381775, 0.5303000211715698, 0.5335000157356262, 0.5008999705314636, 0.53329998254776, 0.5382000207901001, 0.5389999747276306, 0.5544999837875366, 0.5562999844551086, 0.5437999963760376, 0.5350000262260437, 0.5580000281333923, 0.5674999952316284, 0.5669999718666077, 0.5705999732017517, 0.5698999762535095, 0.5361999869346619, 0.5680999755859375, 0.5777000188827515, 0.5814999938011169], "loss": [2.302585092994, 3.875028610229492, 3.637173891067505, 4.053001403808594, 3.7770957946777344, 3.483593702316284, 2.6946535110473633, 2.4426512718200684, 2.502209424972534, 2.105210065841675, 2.0509531497955322, 2.0401647090911865, 1.9731626510620117, 1.9947054386138916, 1.9751964807510376, 1.969780683517456, 2.0028939247131348, 1.979009747505188, 1.8830618858337402, 2.0508158206939697, 1.9547991752624512, 1.960450530052185, 1.9365264177322388, 1.9476401805877686, 1.970122218132019, 2.2180824279785156, 2.061450242996216, 1.9183233976364136, 1.9525336027145386, 1.797978162765503, 1.9862117767333984, 1.9596441984176636, 1.8957959413528442, 1.8968242406845093, 1.8605339527130127, 1.8268581628799438, 1.8958969116210938, 1.8386142253875732, 1.913133144378662, 1.873837947845459, 1.8884042501449585, 1.8110706806182861]}